Date,Symbol,Close,Price_Change_Percent,Delivery_Qty,Previous_Day_Delivery,Delivery_Multiple,Previous_30_Day_Max,Delivery_Percent
2026-08-31,ADANIENT,2859.1,-9.764872968281523,9771644,222535,43.91059383917137,222535,75.91
2026-08-31,DALBHARAT,1856.2,0.5906898607272579,1361987,36501,37.31369003588943,36501,63.58
2026-08-31,SBICARD,644.75,0.5771780672334523,22645710,819367,27.638054742258355,819367,86.2
2026-08-31,LTTS,3608.4,1.1124499117325715,425293,17137,24.817237556165022,17137,62.01
2026-08-31,ASTRAL,1522.2,-0.6591398551197487,8813026,428298,20.576855367057515,428298,76.53
2026-08-31,LAURUSLABS,1915.0,-1.212277534175909,24140560,1319114,18.300586605858175,1319114,77.88
2026-08-31,BALKRISIND,2279.2,-2.6024528866287806,6210566,583022,10.6523698934174,583022,64.14
2026-08-31,NATIONALUM,381.5,-3.4054943663754873,8086004,762855,10.599660485937694,762855,67.61
2026-08-31,RELIANCE,1277.0,-0.777000777000777,30329813,4052582,7.484071389548688,4052582,86.98
2026-08-31,BALRAMCHIN,693.5,5.902114988165225,2535459,338990,7.479450721260214,338990,6.41
2026-08-31,NESTLEIND,1496.5,2.8805169806132334,1733545,270576,6.406869049730944,270576,74.71
2026-08-31,MRF,133745.0,1.2605996365838885,8328,1340,6.214925373134329,1340,65.08
2026-08-31,ABCAPITAL,409.4,0.9493280729872927,3419601,559398,6.11300183411453,559398,58.61
2026-08-31,TORNTPHARM,5066.0,0.31683168316831684,503211,89924,5.595958809661492,89924,77.37
2026-08-31,ACC,1276.5,-2.2887323943662037,174482,33542,5.201896130224792,33542,63.49
2026-08-31,AUROPHARMA,1717.0,4.35786786604267,1189587,230798,5.154234438773299,230798,49.22
2026-08-31,INDUSTOWER,388.8,2.3157894736842133,3130873,620452,5.046116379671594,620452,57.86
2026-08-31,PIDILITIND,1687.7,3.5716477447069686,1380477,281254,4.908292859834883,281254,72.37
2026-08-31,HDFCBANK,709.0,-1.5687907816187636,41701133,8735071,4.773989015086426,8735071,53.36
2026-08-31,COLPAL,1897.6,3.8699436203404574,812259,173919,4.670329291221775,173919,69.62
2026-08-31,CUB,229.19,3.127249820014394,2340218,504747,4.636417848942143,504747,47.16
2026-08-31,DLF,691.05,1.654898499558694,2014679,457836,4.400438148157856,457836,63.92
2026-08-31,CHAMBLFERT,409.55,-2.8466374095599574,901499,206912,4.356919849984535,206912,72.17
2026-08-31,LUPIN,2188.4,0.7782638728989221,806651,188808,4.272334858692428,188808,79.8
2026-08-31,IOC,139.13,1.4806710430342824,8912300,2091680,4.260833397077947,2091680,63.48
2026-08-31,DRREDDY,1154.4,-2.003395585738532,1264058,310093,4.076383536551938,310093,63.15
2026-08-31,OBEROIRLTY,1868.0,-0.10695187165775401,534853,138233,3.8692135741827203,138233,68.78
2026-08-31,ASIANPAINT,2653.6,1.7211637980603403,981350,254843,3.850802258645519,254843,71.05
2026-08-31,MANAPPURAM,340.1,-2.522212668386344,2479350,685454,3.6170917377387832,685454,51.38
2026-08-31,ADANIPORTS,1593.1,-6.699853587115672,7910724,2205146,3.5873923994148234,2205146,82.22
2026-08-31,BHARATFORG,2104.9,3.297835795259363,573042,162296,3.530844876028984,162296,73.48
2026-08-31,BANKBARODA,238.6,-1.3642000826787977,5671780,1674359,3.387433638783558,1674359,57.47
2026-08-31,BHARTIARTL,1811.9,-3.7452188695282613,13819345,4105854,3.3657662936870136,4105854,81.67
2026-08-31,HINDALCO,1015.45,-2.115866589550804,3437363,1028840,3.341008320049765,1028840,59.69
2026-08-31,HINDPETRO,365.75,0.4807692307692308,4915650,1471612,3.3403166051921294,1471612,63.6
2026-08-31,PAGEIND,35800.0,-0.5141030985132694,19317,5938,3.2531155271135064,5938,67.3
2026-08-31,INDIGO,5234.0,1.316298877274487,350654,110786,3.165147220767967,110786,62.64
2026-08-31,UPL,562.25,-1.532399299474606,1843025,589280,3.1275879038827044,589280,71.65
2026-08-31,ZEEL,93.58,-7.812038222835195,21713999,6963494,3.1182620391429934,6963494,19.87
2026-08-31,BOSCHLTD,50000.0,2.7960526315789473,39670,12810,3.0967993754879,12810,65.52
2026-08-31,M&M,3282.0,-1.5596880623875224,3017814,995755,3.030679233345552,995755,83.52
2026-08-31,CIPLA,1409.2,-1.004566210045659,714874,236801,3.018880832428917,236801,73.1
2026-08-31,SHRIRAMFIN,1109.9,2.1161100377219615,4071585,1356068,3.002493237802234,1356068,69.48
2026-08-31,IDFCFIRSTB,85.97,3.4287776708373365,13379674,4520693,2.959651097740988,4520693,67.64
2026-08-31,ABB,7638.5,1.724597150086563,124089,42440,2.9238689915174363,42440,54.61
2026-08-31,MOTHERSON,170.68,3.0676328502415537,12562148,4297677,2.9230088720022467,4297677,62.5
2026-08-31,EICHERMOT,7953.5,-1.3090954212681476,535442,190335,2.8131557517009482,190335,72.08
2026-08-31,PETRONET,300.6,2.9452054794520626,2097595,755473,2.776532053428779,755473,72.83
2026-08-31,HINDUNILVR,1967.4,-2.1388778352566655,1377085,515332,2.6722287767885557,515332,76.5
2026-08-31,PNB,114.23,-1.0138648180242649,11288854,4268111,2.6449298061835784,4268111,61.27
2026-08-31,POWERGRID,263.55,-0.9396729937981583,7405830,2831282,2.6157161314203248,2831282,64.1
2026-08-31,TRENT,2879.9,-0.6245686680469258,598827,232294,2.5778840607161615,232294,61.3
2026-08-31,BANDHANBNK,163.5,-2.823179791976226,4164275,1618290,2.573256338480742,1618290,57.51
2026-08-31,MCX,3400.0,2.0408163265306123,1284106,502572,2.555068726471033,502572,45.83
2026-08-31,ESCORTS,2995.0,-0.6798209252196983,65047,25461,2.5547700404540277,25461,63.68
2026-08-31,RBLBANK,380.35,-0.4319371727748632,1234880,490520,2.5174916415232813,490520,58.33
2026-08-31,SUNPHARMA,1984.8,3.3749999999999973,1724748,688877,2.5037096607957587,688877,71.47
2026-08-31,VOLTAS,1194.4,-0.46666666666665907,957108,389338,2.4582958765905203,389338,71.95
2026-08-31,GODREJPROP,2014.7,-0.7096742398107468,339393,138509,2.450331747395476,138509,47.99
2026-08-31,ICICIPRULI,517.05,2.183794466403153,2700326,1108259,2.4365477744823187,1108259,77.99
2026-08-31,SRF,2560.4,-1.1390401173790494,228695,93883,2.435957521596029,93883,73.3
2026-08-31,LT,4044.9,-0.02224529141331976,1063417,438037,2.427687615429747,438037,68.47
2026-08-31,FEDERALBNK,356.7,3.6165577342047897,5411299,2230392,2.426164997005011,2230392,79.29
2026-08-31,PFC,336.3,-4.460227272727269,8998806,3749645,2.3999087913655828,3749645,68.01
2026-08-31,NAVINFLUOR,8675.5,1.8550044027003227,101374,42450,2.388080094228504,42450,46.85
2026-08-31,BHEL,442.65,2.738772194499235,4895937,2108829,2.3216377430317965,2108829,52.92
2026-08-31,ICICIBANK,1454.0,2.192859150969922,11993976,5211279,2.301541713656091,5211279,78.23
2026-08-31,GNFC,574.75,-0.9137143349711154,370180,162409,2.2793071812522707,162409,60.02
2026-08-31,NAUKRI,1313.0,-3.0280649926144756,2025187,895150,2.2623995978327653,895150,86.35
2026-08-31,HDFCLIFE,543.35,-0.8485401459853973,3077476,1362061,2.2594259728455626,1362061,83.55
2026-08-31,COROMANDEL,1905.9,-0.40758739614359374,136833,61106,2.2392727391745493,61106,64.62
2026-08-31,AUBANK,1086.2,0.8448612013740727,1026700,462845,2.218237206840303,462845,69.23
2026-08-31,NTPC,327.4,-0.8029086502045247,9374715,4276821,2.1919820820183964,4276821,50.95
2026-08-31,IEX,120.5,-1.0673234811165822,1610305,748964,2.150043259756143,748964,52.74
2026-08-31,JINDALSTEL,1192.9,1.1618046132971545,440850,206910,2.130636508626939,206910,56.39
2026-08-31,BAJAJFINSV,2021.0,0.949050949050949,484934,230404,2.104711723754796,230404,66.92
2026-08-31,MUTHOOTFIN,2978.1,-3.652539631187321,380122,181113,2.0988112393919818,181113,42.48
2026-08-31,BIOCON,412.0,0.2189248358063676,2334009,1122493,2.079308289673076,1122493,62.3
2026-08-31,ULTRACEMCO,11450.0,-1.1994132366899646,287325,138209,2.0789167130939377,138209,75.4
2026-08-31,ITC,255.5,-3.9473684210526314,18829561,9234520,2.0390405781784002,9234520,76.62
2026-08-31,JSWSTEEL,1307.7,-2.0376058131695287,1423959,701168,2.030838543687105,701168,71.85
2026-08-31,AXISBANK,1300.0,2.766798418972332,4449543,2206690,2.016387893179377,2206690,73.02
2026-08-31,GRANULES,828.5,-0.974122990497816,459281,228369,2.0111354868655553,228369,58.37
2026-09-01,DEEPAKNTR,1782.8,1.9092260203498264,480585,132846,3.6176098640531142,132846,47.78
2026-09-01,LALPATHLAB,1904.4,-1.561046211103061,191529,90763,2.1102101076429824,90763,40.86
2026-09-02,VOLTAS,1152.1,-4.390041493775941,959719,140498,6.830837449643411,957108,48.43
2026-09-02,JKCEMENT,4979.5,-1.949394506251846,43035,7979,5.3935330241884945,25584,67.77
2026-09-02,UPL,578.45,2.001410685946045,2307982,458627,5.032372712465685,1843025,56.98
2026-09-02,IRCTC,472.6,-1.8178040926560712,653599,190690,3.4275473281241804,366523,56.74
2026-09-02,TATACOMM,1710.0,-1.372707348021684,381848,119754,3.188603303438716,171020,75.48
2026-09-02,GODREJPROP,1970.7,-0.3690596562184001,368697,118463,3.112338873741168,339393,47.84
2026-09-02,SBIN,1020.9,-1.3146447559207368,10289485,3384666,3.040029651374759,3432496,74.33
2026-09-02,TITAN,5074.0,0.4752475247524752,502689,174343,2.883333428930327,466715,61.86
2026-09-02,TATAPOWER,364.0,3.836827841962627,4581157,1678447,2.7294022390936385,3700156,37.46
2026-09-02,INDUSINDBK,978.0,-1.4708845456377213,1599480,617709,2.589374608432126,827748,59.83
2026-09-02,MFSL,1505.0,-1.9352316413631356,319653,126511,2.5266814743382,273739,58.34
2026-09-02,NAVINFLUOR,8542.5,-1.0826771653543308,103910,45661,2.27568384398064,101374,47.7
2026-09-03,GODREJCP,880.0,-2.7624309392265194,3581419,598805,5.980943712894849,754284,49.17
2026-09-03,GRANULES,853.85,2.6570483919446977,1252531,331695,3.776152790967606,459281,44.27
2026-09-03,OBEROIRLTY,1902.0,1.929260450160772,612735,194624,3.14830134001973,534853,54.35
2026-09-03,IDFCFIRSTB,87.5,2.8322952168292352,27796589,8946129,3.107108001684304,13379674,57.69
2026-09-03,RBLBANK,408.1,4.802259887005662,5959814,1956000,3.046939672801636,1956000,30.01
2026-09-03,GRASIM,3310.0,0.45828401468936564,1420767,593720,2.3929916458936873,657952,61.48
2026-09-03,PAGEIND,35865.0,-0.9254143646408839,24508,10567,2.3192959212643136,19317,64.64
2026-09-03,LICHSGFIN,554.0,2.355658198614319,3747793,1669229,2.2452239926337247,2035017,64.64
2026-09-04,IGL,158.04,5.768973363672872,3334409,324804,10.265911134099333,1793319,40.79
2026-09-04,POLYCAB,8300.0,-5.762134544422367,721733,97817,7.378400482533711,357376,46.27
2026-09-04,HAVELLS,1154.0,-3.833333333333333,1464035,230552,6.3501292550053785,926061,51.54
2026-09-04,IEX,118.91,-0.2014267729752489,4426507,737768,5.999863100595309,2306529,38.33
2026-09-04,HDFCLIFE,546.4,2.417994376757259,3609378,659262,5.474876452760815,3077476,59.99
2026-09-04,HAL,4856.0,1.896927983884498,445970,161936,2.75398923031321,415778,31.86
2026-09-04,IDEA,15.02,3.7292817679557952,159158688,60981425,2.609953571927845,147605849,30.26
2026-09-04,UBL,1279.4,-0.3737735555209433,191328,73667,2.5972009176429065,73667,54.22
2026-09-04,PFC,355.6,2.9232995658466057,13384461,5213816,2.567114182778986,8998806,69.69
2026-09-04,SBILIFE,1775.0,3.498542274052478,937528,396887,2.362203851474097,663421,54.5
2026-09-07,PVRINOX,1156.5,-5.761082138200786,1001289,110878,9.030547087790184,336705,31.21
2026-09-07,MANAPPURAM,325.6,-4.15072122460994,3478820,830852,4.187051364141869,2479350,38.27
2026-09-07,MFSL,1520.0,-1.834151382071822,714503,304532,2.3462329082001236,319653,76.16
2026-09-08,JUBLFOOD,480.4,1.051745898190997,798050,115946,6.882945509116313,604802,64.37
2026-09-08,BANDHANBNK,171.58,4.17729204614452,8173367,1595077,5.124120653736465,4164275,39.24
2026-09-08,HAL,5031.1,3.622919756137761,1050518,280912,3.739669362647377,445970,41.15
2026-09-08,BEL,410.55,1.621287128712874,11133420,3126254,3.5612653354461923,7694030,47.94
2026-09-08,JKCEMENT,4990.5,-1.1194769169803842,80674,23754,3.396228003704639,43035,85.36
2026-09-08,HINDCOPPER,532.85,4.665095266155961,7385569,2682489,2.7532522966543387,5771742,29.69
2026-09-08,RAIN,217.81,3.041915034534964,2870646,1130951,2.538258509873549,2491313,42.14
2026-09-08,ABBOTINDIA,25555.0,-1.4841942945258288,6532,2641,2.473305566073457,4046,58.92
2026-09-08,INDIAMART,1684.5,-1.2834036568213836,81414,38674,2.105135232973057,51409,66.7
2026-09-08,M&MFIN,374.35,0.537129045253122,1876177,935945,2.0045803973524086,1375052,63.49
2026-09-09,DLF,655.1,-2.962524070508073,11697922,1316429,8.886101719120438,2014679,68.81
2026-09-09,COFORGE,1845.0,-5.384615384615385,4965420,858860,5.781407912814661,1920059,45.82
2026-09-09,DIXON,13845.0,-1.8085106382978722,178674,48551,3.680130172396037,152685,48.48
2026-09-09,BIOCON,395.0,0.688248789191942,3865533,1219064,3.170902430061096,2334009,37.63
2026-09-09,LT,3922.6,-0.5955246952687464,2078693,679138,3.0607814612052335,1063417,70.35
2026-09-09,HDFCLIFE,514.0,-3.7092544023978933,4194438,1404908,2.9855606203395526,3609378,46.48
2026-09-09,BAJFINANCE,1039.3,-1.404041362299588,6269747,2453676,2.5552464954623186,4997775,67.82
2026-09-09,NAVINFLUOR,8775.5,0.5096781582865652,130914,58438,2.240220404531298,103910,44.5
2026-09-09,AXISBANK,1238.5,-0.5140975178729288,4863901,2177686,2.2335180554037635,4449543,72.82
2026-09-09,INFY,1035.0,-4.343807763401109,8043809,3627483,2.2174629074760652,5909583,59.45
2026-09-09,ONGC,234.02,-0.8389830508474533,7883441,3736686,2.1097413590545204,7451445,61.68
2026-09-09,ABB,7401.5,0.19629078110193582,178554,86749,2.058283092600491,124089,57.68
2026-09-10,RAMCOCEM,869.75,0.33454461556209003,446660,94128,4.74524052354241,122874,80.37
2026-09-10,CUMMINSIND,5155.0,-0.2997775843728846,564361,179751,3.1396821158157673,368392,69.06
2026-09-10,CHOLAFIN,1859.0,1.6402405686167305,1803796,740281,2.4366368986911726,823173,67.31
2026-09-10,IDEA,14.9,-3.994845360824737,342457712,165953005,2.063582470230051,199608307,38.55
2026-09-11,UBL,1256.1,-0.04774409166866685,367583,21470,17.12077317186772,191328,93.23
2026-09-11,GRANULES,909.3,1.1175979983319382,4839089,692743,6.985402956074619,1252531,63.58
2026-09-11,ALKEM,5087.5,-0.9828727131179447,178844,26167,6.834715481331448,154134,78.42
2026-09-11,SUNTV,476.0,4.489079135111401,553197,128062,4.3197591791476,503090,17.63
2026-09-11,BSOFT,281.65,2.121102248005789,1237218,388357,3.185774944187951,1140417,29.53
2026-09-11,LICHSGFIN,562.9,1.9192467861669424,4626776,1468939,3.149740050471803,3747793,42.53
2026-09-11,INDUSTOWER,388.0,4.301075268817205,6618823,2755812,2.4017686983001743,3130873,41.12
2026-09-11,BANDHANBNK,176.52,1.4482758620689713,13889255,6617128,2.0989853906407734,8173367,57.58
2026-09-15,DABUR,384.9,2.3670212765957386,6351070,425483,14.926730327651164,2407000,63.92
2026-09-15,TATACHEM,734.9,19.993468854600362,1753814,220581,7.950884255670252,452117,96.17
2026-09-15,ABFRL,49.02,-2.815226011102289,5564423,1631692,3.4102165114494647,3686440,61.15
2026-09-15,BATAINDIA,640.15,-1.3104139366376322,97198,42107,2.308357280262189,75383,55.62
2026-09-16,DELTACORP,55.19,2.602714259155974,1234561,423072,2.918087228651388,593751,47.55
2026-09-16,DIVISLAB,9158.0,-0.4348771472059143,608440,265013,2.2958873715629045,478188,69.27
2026-09-16,LALPATHLAB,1895.7,-0.5612673101133049,247330,113000,2.1887610619469027,191529,15.84
2026-09-17,GNFC,584.85,8.35572024085225,1164033,138954,8.377110410639492,763124,14.11
2026-09-17,BERGEPAINT,448.6,0.10041280821154648,260202,59575,4.367637431808644,168129,58.68
2026-09-17,INDUSINDBK,958.2,1.236133122028531,2291289,1012745,2.262454023470864,1599480,57.66
2026-09-18,SYNGENE,369.05,-2.932667017359279,1702612,91744,18.55829264039065,402266,68.16
2026-09-18,INDIAMART,1646.3,-0.9863475070668246,556844,37602,14.808893143981702,81414,78.5
2026-09-18,BATAINDIA,638.3,0.2591690881960225,501482,37615,13.331968629536089,97198,46.01
2026-09-18,ABBOTINDIA,27270.0,5.248938633732149,25627,2517,10.181565355582043,6532,66.84
2026-09-18,WHIRLPOOL,717.7,-1.3335166345889375,849314,86543,9.81378043284841,188203,50.46
2026-09-18,ACC,1259.7,2.2068965517241415,246221,33021,7.456497380454862,174482,63.7
2026-09-18,SUNTV,451.7,-3.565328778821518,595398,81467,7.308456184712829,553197,63.13
2026-09-18,PIIND,2366.8,2.592110966623328,417820,60866,6.8645877829987185,313840,74.83
2026-09-18,EXIDEIND,435.85,4.1208791208791204,2544769,406702,6.257085040152249,2421176,45.68
2026-09-18,INFY,1051.4,-0.6801435858681106,15755453,2572662,6.12418304464403,8043809,71.21
2026-09-18,JUBLFOOD,500.0,4.123281965847566,1763654,288076,6.122183035032422,798050,60.8
2026-09-18,NMDC,79.15,-2.0420792079207817,11965410,2040539,5.863847738269153,10796662,63.24
2026-09-18,BPCL,314.0,2.2801302931596092,7022774,1488847,4.716921214872985,4948871,74.4
2026-09-18,IRCTC,476.75,4.321663019693654,817864,186943,4.374937815269895,653599,48.97
2026-09-18,MOTHERSON,162.57,0.4324457898313391,14523618,3484223,4.168395076893758,12562148,76.17
2026-09-18,CONCOR,504.55,3.3596230666803306,1502403,367486,4.088327174368548,1381739,67.01
2026-09-18,PETRONET,292.6,3.2280825542423828,2600880,647783,4.015048249182211,2097595,80.82
2026-09-18,BIOCON,385.0,1.3157894736842104,6325497,1730882,3.654493489446421,3865533,80.06
2026-09-18,BAJAJ-AUTO,11414.0,-0.7478260869565218,221542,61710,3.590050234970021,208389,74.65
2026-09-18,ASHOKLEY,163.0,2.7613163535493603,12077095,3411438,3.5401771921400886,9523603,68.83
2026-09-18,FEDERALBNK,332.75,0.0,9314058,2698456,3.451624929218783,5411299,63.93
2026-09-18,ULTRACEMCO,11014.0,2.3225566703827574,320335,94571,3.387243446722568,287325,69.81
2026-09-18,HINDALCO,986.5,0.6119326874043856,5716635,1712352,3.338469543645232,3437363,68.79
2026-09-18,NAVINFLUOR,8590.0,4.5012165450121655,177828,53649,3.3146563775652855,130914,59.55
2026-09-18,TCS,2105.0,-3.881278538812785,3972356,1202973,3.302115675081652,2347086,57.78
2026-09-18,UPL,580.0,4.5515998197386205,3050593,941028,3.24176645115767,2307982,80.72
2026-09-18,WIPRO,166.83,0.2584134615384656,13771360,4313358,3.19272362739193,10571399,58.34
2026-09-18,LUPIN,2083.0,-0.7196987750822129,907759,286812,3.164996583127624,806651,76.01
2026-09-18,SHREECEM,22600.0,2.914389799635701,23032,7460,3.0873994638069706,13625,37.07
2026-09-18,BERGEPAINT,458.65,2.2403031654034673,803285,260202,3.0871592070775784,260202,65.82
2026-09-18,TATACOMM,1780.1,-0.641884349185086,439570,145221,3.026903822449921,381848,61.64
2026-09-18,POWERGRID,270.3,2.483412322274886,12946336,4324080,2.9940093615289265,8095007,72.34
2026-09-18,NESTLEIND,1372.4,0.13132934481250416,2061448,690361,2.9860435337453883,1733545,63.14
2026-09-18,COROMANDEL,1999.5,3.611773240750339,206678,70095,2.948541265425494,136833,68.36
2026-09-18,TRENT,2824.0,1.254930082466834,683320,252955,2.7013500424976775,598827,73.84
2026-09-18,APOLLOTYRE,409.3,-0.6914958146305874,1322825,495649,2.6688745463019194,495649,55.92
2026-09-18,JINDALSTEL,1119.5,-0.7887274016306354,693935,269528,2.5746304651093763,452003,65.66
2026-09-18,TITAN,4798.5,-0.8779177855814915,755286,296197,2.549944800251184,502689,70.85
2026-09-18,HDFCAMC,2425.0,1.562172802278351,737672,294746,2.502737950642248,615815,70.88
2026-09-18,ZYDUSLIFE,1160.0,2.193639326931556,1330491,552361,2.4087345051515223,1032001,47.7
2026-09-18,M&MFIN,353.3,2.1984379519814934,2039034,874474,2.3317262720218097,1876177,65.16
2026-09-18,SUNPHARMA,1837.3,-1.6065977614737856,2093616,910474,2.29947917238713,1854146,72.27
2026-09-18,ABB,7270.5,1.9633966762499122,220700,97508,2.263404028387414,178554,57.62
2026-09-18,CIPLA,1394.5,1.322386107680015,943438,424081,2.224664627748001,931899,68.04
2026-09-18,CANFINHOME,778.5,0.5294421487603335,296165,136135,2.1755242957358503,251526,54.87
2026-09-18,BAJAJFINSV,1852.5,-0.3603700516351143,504220,235918,2.137268033808357,484934,70.08
2026-09-18,JSWSTEEL,1275.6,1.7711823839157346,1576365,761187,2.070930008000662,1423959,66.29
2026-09-18,APOLLOHOSP,8944.5,2.007184809260421,260438,126532,2.0582777479214744,256091,75.65
2026-09-18,AMBUJACEM,388.3,1.3176777560339235,1292295,634572,2.0364828577371834,1274610,50.02
2026-09-18,INDUSINDBK,966.3,0.8453350031308609,4656142,2291289,2.03210594560529,2291289,74.49
2026-09-21,DELTACORP,61.59,5.570791909496058,1744715,818175,2.1324472148379012,1234561,28.7
2026-09-22,ATUL,6176.5,1.487019388761091,71078,9579,7.42018999895605,27096,76.49
2026-09-22,SUNTV,490.1,7.113976614577644,774213,167916,4.610716072321876,595398,22.68
2026-09-22,INTELLECT,647.75,-1.722045213169477,258788,92654,2.793058043905282,254858,55.43
2026-09-22,DRREDDY,1211.0,1.0598347659183882,2006621,957919,2.0947710610187293,1743201,59.81
2026-09-23,WHIRLPOOL,865.25,19.99861313362458,1589323,56154,28.302934786480037,849314,14.78
2026-09-23,IDFCFIRSTB,87.9,2.963570340869159,30497881,3905611,7.808734920093168,27796589,47.27
2026-09-23,DELTACORP,68.65,11.138092925368305,5521618,1109317,4.977493358526012,1744715,31.02
2026-09-24,MFSL,1410.0,-9.783095527544953,5752789,225018,25.56590583864402,714503,50.37
2026-09-24,ICICIPRULI,464.5,-4.12796697626419,3800027,419501,9.058445629450228,2700326,48.95
2026-09-24,HDFCLIFE,526.9,-6.1620658949243134,6650472,1222580,5.439702923326081,4194438,37.14
2026-09-24,SBILIFE,1755.0,-0.2840909090909091,1782128,342729,5.199816764849196,1001757,51.66
2026-09-24,AXISBANK,1186.5,-4.560810810810814,5862610,1255454,4.669713107768186,4863901,53.83
2026-09-24,MOTHERSON,162.5,-1.155717761557181,15071278,3558796,4.234937321498619,14523618,68.35
2026-09-24,COROMANDEL,1942.5,-0.6901840490797546,330837,83014,3.985315729876888,206678,89.8
2026-09-24,ESCORTS,2822.9,0.9296006292681183,161271,46457,3.4714036636029015,65047,50.22
2026-09-24,BAJAJFINSV,1762.3,-4.559978337395075,817714,318515,2.5672699872847433,504220,53.8
2026-09-24,CHOLAFIN,1681.7,-5.202931228861328,1893180,807865,2.3434360939018277,1803796,45.59
2026-09-28,CUB,215.99,-4.247018663829403,2407507,744880,3.2320736225969284,2340218,49.9
2026-09-28,NMDC,77.43,-3.091364205256569,14931259,5263256,2.8368863304388006,11965410,62.0
2026-09-28,CANBK,120.65,-3.4722777822225694,9355821,3929678,2.3808110995353817,9125264,57.5
2026-09-29,SHREECEM,21900.0,-1.2178619756427604,333143,9138,36.45688334427665,24099,74.0
2026-09-29,WIPRO,156.79,-2.9524634810596746,144035654,4426063,32.54261270117484,13771360,87.58
2026-09-29,APOLLOTYRE,406.75,4.401950718685826,3019547,251444,12.008825026646091,1322825,58.91
2026-09-29,INDHOTEL,714.35,0.4711673699015503,20196083,1841575,10.966744770101679,3487753,77.25
2026-09-29,RECLTD,292.45,-3.561417971970325,30069786,3150774,9.543618806045753,4663116,75.59
2026-09-29,POLYCAB,8102.5,-1.080454157001587,1195469,140387,8.515524941768112,721733,72.64
2026-09-29,TATAPOWER,359.0,-0.8013263332412207,6914235,1421227,4.864975827225348,4581157,64.36
2026-09-29,ACC,1202.6,-0.898228265348174,460648,103283,4.460056350028562,246221,62.96
2026-09-29,ABFRL,46.24,-2.836730405547387,6909597,1676436,4.1215990350958815,5564423,53.74
2026-09-29,IDEA,13.56,0.6681514476614688,663435062,169938914,3.903961996603085,342457712,57.68
2026-09-29,SUNTV,553.25,6.414695133679558,1191998,361134,3.300708324333904,1003242,34.6
2026-09-29,SBIN,964.7,0.2806652806652854,18768750,6098244,3.0777302449688797,10289485,70.08
2026-09-29,HCLTECH,1222.0,-2.442918729043582,3919100,1291238,3.03514921339056,2116968,69.92
2026-09-29,CROMPTON,211.37,-3.395795246800734,3148515,1038549,3.0316480012016767,2467800,53.34
2026-09-29,TECHM,1510.5,-2.0555051225522014,2102127,743278,2.8281840711012567,2048584,65.32
2026-09-29,TRENT,2635.0,0.3427265803503427,962210,357657,2.690315022493618,683320,62.13
2026-09-29,JSWSTEEL,1272.4,0.6565936239221725,1702154,658383,2.5853553326862935,1576365,68.11
2026-09-29,KOTAKBANK,406.0,1.1082057029012546,24743358,10168792,2.433264246136611,13446861,75.87
2026-09-29,POWERGRID,261.5,-0.13366431162880377,16810545,6956394,2.416560217837,12946336,66.78
2026-09-29,BAJAJ-AUTO,10811.0,-1.9321480406386065,321611,139681,2.3024677658378736,221542,60.92
2026-09-29,TATACONSUM,967.7,0.8020833333333381,1613567,718660,2.245243926195976,1384317,66.93
2026-09-29,PNB,111.75,-0.7548845470692668,14872131,7298960,2.0375685029100037,11288854,57.45
